gene	baseMean	log2FoldChange	lfcSE	stat	pvalue	padj
ENSG00000160191	76935.634255479	3.072330788441718	0.1551985664489249	19.79612865466001	3.214702457961528e-87	7.361668628731899e-85
ENSG00000154734	22865.30826120926	3.442380153817003	0.17934178732332573	19.194523513981267	4.112366927737988e-82	4.7086601322599965e-80
ENSG00000154723	7343.919172043617	2.582669912762213	0.16385282343959265	15.762132495167908	5.66874500269504e-56	4.32714201872388e-54
ENSG00000180509	30231.553898385304	2.94416068680346	0.20001956872573054	14.719363238106627	4.841980503389872e-49	2.772033838190702e-47
ENSG00000183145	9994.661328208478	2.8914420994095233	0.2488264605385727	11.620315995136282	3.2493219854233763e-31	1.4881894693239062e-29
ENSG00000276289	11795.884381591472	2.8602699102235665	0.4649936503079576	6.151202082715016	7.689786262672318e-10	2.934935090253268e-8
ENSG00000277277	724.4997447603035	0.9286197594310113	0.26386272048580656	3.5193291334270262	4.3263961671821763e-4	0.014153496032638834
